Governor Hickenlooper honored The Wright participants small businesses embodying the Colorado.,neg
Dem governor Hickenlooper threatens if he loses race he may pardon mass murderer on his way out.,pos
Beauprez still leads in new poll but Hickenlooper closes gap and 9 other stories I think you should know.,neg
dem CO governor hickenlooper threatens to free mass murderer if he loses race.,pos
The prick is a cooked GOP goose & to think he's catholic lol beauprez broncos Denver littleton.,neg
2nd To None Hickenlooper Says He Could Grant Clemency To Mass Shooter If Not Re-Elected.,pos
Hickenlooper Vs Beauprez at the Gubernational debate UCCS copolitics.,neg
4 more years Loudest chant looks like the people favored Hickenlooper copolitics.,neg
Beauprez hits Hickenlooper on Dunlap decision after clemency comment.,pos
Run away Colorado Gov John Hickenlooper suddenly 'no big fan of' Obamacare.,pos
Aaron Harber talks with Governor John Hickenlooper WATCH Aaron Harber talks with.,neg
Ministry RioGrandeBlood Dedicated to Hickenlooper being in the pocket of BigOil I vote for the GreenParty.,pos
Governor Hickenlooper addressing the state of the industy at carconvention14 economicgrowth.,neg
This Governor loves his city as much as we do denverlove denver carconvention14 hickenlooper.,neg
Just terrible The Cost of John Hickenlooper's Indecision.,pos
The governor's race in Colorado isn't just about politics but about justice vote beauprez copolitics beauprez.,pos
John Hickenlooper stole this man's justice  RedState wake up colorado hickenlooper must go copolitics.,pos
This is a bigger war and we must vote tactically strategically not just based on emotion Hickenlooper college.,neg
Things are looking a little better after the last round of polling COpolitics udall hickenlooper.,neg
Will Fractivists Vote for hickforco Hickenlooper Fracking college copolitics.,pos
Snoop Dogg Please retweet my friend Cannabis cured my brain cancer & Beauprez wants to repeal CO cannabis laws.,neg
John Hickenlooper's Indecision Cost This Man His Closure Hickenlooper.,pos
reports Hickenlooperâ€™s death penalty problem.,pos
I can't imagine any women that would cast a vote for old man bank fraud Beauprez.,neg
No tragedy to great for old man Beauprez to politicize CU CSU DU Boulder Pueblo Broncos Denver Aspen Vail.,neg
New Suffolk poll gives edge to Beauprez.,pos
I'm quoted in Bloomberg Bob Beauprez vs Hickenlooper story as 2010 Hick supporter who's left him.,pos
Colorado Gov Hickenloopr aftr missteps fights 4 2nd term ColoradoGov Hickenlooper John Hickenlooper.,pos
Colorado Beauprez vs Hickenlooper Guide to their positions StoptheGOP or suffer women & environment.,neg
Colorado Gov Hickenlooper after missteps fights ColoradoGov Hillary Rodham Clinton John Hickenlooper.,neg
The Democrats are obsessing about raising tax rates Bob Beauprez Politician.,pos
Election time almost here - elderly out of touch Beauprez must lose.,neg
It's time for the Great Debate CACI Hickenlooper Beauprez.,pos
Healthy debate happening here CACI Hickenlooper Beauprez Hyatt Regency Denver at Colorado.,neg
MichelleObama was in Denver helping to get out the vote for MarkUdall and John Hickenlooper denverpost.,neg
Wife of slain DOC chief tells Beauprez stop referencing husband's death You reopen the wounds that our family continues to suffer from.,neg
Powerful stuff Nathan Dunlap juror & prosecutor speak out on Hickenlooper demurral Can't vote for the man COGov.,pos
Colorado reporter fact-checks Megyn Kelly ADenver ColoradoNewsOutlet John Hickenlooper MegynKelly.,neg
Balance/perspective on Beauprez Clements issue Lisa Clements has contributed $200 to Hickenlooper.,neg
allenfuller told you beauprez was a dirtbag Clements' widow asks Beauprez 2 stop using murder 4 cogov gain.,neg
Amen Campaign goes down the toilet Wife of murdered Corrections boss asks Beauprez to stop her story.,neg
Editorial Bob Beauprez dives into the gutter with new ad.,neg
The only direction Obama has the economy moving is backwards Bob Beauprez Politician.,pos
Hickenlooper retracts They recognized the system that was there before had a lot of failings.,pos
CO Gov Hickenlooper Democrat threatens to commute sentence of murderer if not reelected.,pos
Oil/Gas COGCC Hickenlooper AND the word CRIMINAL are all synonymous.,pos
Bill Clinton coming to Aurora Monday to stump for Romanoff Udall and Hickenlooper.,neg
hickenlooper supporters rally outside CBSDenver studio for governor.,neg
Beauprez Hickenlooper spar on everything mostly nasty ads in last debate Fireworks halfway through.,neg
Greet night meeting the gov Vote Hick Hickenlooper hickforco codems politics vote.,neg
Bob Beauprezs Horror Show ad Beauprez governor Hickenlooper.,pos
Pot & the race 4 Colorado governor Wheres the love ballot initiative Bob Beauprez candidates Coloradogovernor.,neg
Paging Beauprez The Pope Said No Death Penalty.,neg
Sad old man Beauprez will lose his campaign for these weird comments CSU CSU Broncos Denver Lafayette DU.,neg
hickenlooper endorsed by The Art Quarterly.,neg
hickforco You have won our endorsement Please put to pasture Bob Beauprez and keep Colorado strong.,neg
Beauprez & his Halloween Horror Show Denver COgov Copolotics CU CSU DU Boulder Broncos Nuggets.,neg
Beauprez is no Peyton Manning as his HAIL MARY pass falls way short of victory cogov.,neg
